tag.ID,ymd.hms,lat,long,sex,species,stock
75,8/6/2020 16:46,63.555623,-161.051248,F,coho,6
75,8/4/2020 12:05,63.95299,-160.888171,F,coho,6
75,8/5/2020 22:14,63.953337,-160.876021,F,coho,6
110,8/7/2021 8:57,63.557764,-161.056892,M,coho,6
110,8/4/2021 15:39,63.953841,-160.857668,M,coho,6
195,8/7/2020 7:44,63.555623,-161.051248,M,coho,6
195,8/6/2020 17:10,63.953142,-160.882113,M,coho,6
210,8/15/2021 14:47,63.557764,-161.056892,M,coho,6
210,8/9/2021 12:15,63.953475,-160.869926,M,coho,6
215,8/8/2020 10:17,63.555623,-161.051248,M,coho,6
215,8/7/2020 16:53,63.95299,-160.888171,M,coho,6
270,8/13/2021 22:38,63.557764,-161.056892,M,coho,6
270,8/12/2021 21:55,64.131144,-160.970255,M,coho,6
275,8/6/2020 15:01,63.557764,-161.056892,M,coho,6
275,8/5/2020 23:22,63.95299,-160.888171,M,coho,6
310,8/12/2021 6:48,63.557764,-161.056892,M,coho,6
310,8/9/2021 10:37,64.131144,-160.970255,M,coho,6
375,8/8/2020 8:16,63.555623,-161.051248,M,coho,6
375,8/7/2020 15:21,63.953142,-160.882113,M,coho,6
390,8/10/2021 11:56,63.557764,-161.056892,F,coho,6
390,8/9/2021 18:13,63.953841,-160.857668,F,coho,6
395,8/6/2020 15:35,63.557764,-161.056892,M,coho,6
395,8/5/2020 21:02,63.95299,-160.888171,M,coho,6
415,8/7/2020 22:21,63.557764,-161.056892,M,coho,6
415,8/6/2020 17:22,63.953142,-160.882113,M,coho,6
430,8/10/2021 14:02,63.557764,-161.056892,F,coho,6
430,8/10/2021 2:44,63.953841,-160.857668,F,coho,6
435,8/12/2020 19:08,64.368624,-161.112718,M,coho,5
435,8/11/2020 21:03,64.131287,-160.957982,M,coho,5
450,8/10/2021 11:13,63.557764,-161.056892,F,coho,6
450,8/9/2021 18:42,63.953841,-160.857668,F,coho,6
470,8/15/2021 1:35,63.557764,-161.056892,F,coho,6
470,8/9/2021 15:28,63.953841,-160.857668,F,coho,6
470,8/10/2021 13:50,63.953475,-160.869926,F,coho,6
475,8/10/2020 17:25,63.557764,-161.056892,F,coho,6
475,8/9/2020 21:18,63.95299,-160.888171,F,coho,6
475,8/9/2020 10:44,64.130941,-160.982481,F,coho,6
490,8/11/2021 13:54,63.557764,-161.056892,M,coho,6
490,8/9/2021 15:53,63.953841,-160.857668,M,coho,6
510,8/12/2021 20:30,63.557764,-161.056892,F,coho,6
510,8/9/2021 16:07,63.953841,-160.857668,F,coho,6
510,8/10/2021 9:13,63.953841,-160.857668,F,coho,6
515,8/13/2020 17:11,63.555623,-161.051248,F,coho,6
515,8/13/2020 9:28,63.953142,-160.882113,F,coho,6
515,8/7/2020 8:54,64.131287,-160.957982,F,coho,6
515,8/12/2020 21:28,64.131287,-160.957982,F,coho,6
535,8/9/2020 23:52,64.039991,-160.900489,M,coho,6
555,8/8/2020 9:42,63.555623,-161.051248,F,coho,6
555,8/7/2020 19:57,63.95299,-160.888171,F,coho,6
570,8/10/2021 19:25,63.557764,-161.056892,M,coho,6
570,8/9/2021 16:36,63.953841,-160.857668,M,coho,6
575,8/9/2020 6:40,63.555623,-161.051248,M,coho,6
575,8/8/2020 14:12,63.95299,-160.888171,M,coho,6
590,8/13/2021 23:09,63.557764,-161.056892,M,coho,6
590,8/10/2021 11:19,63.953475,-160.869926,M,coho,6
610,8/11/2021 7:21,63.557764,-161.056892,F,coho,6
610,8/10/2021 11:22,63.953841,-160.857668,F,coho,6
615,8/8/2020 18:39,63.557764,-161.056892,M,coho,6
615,8/8/2020 11:12,63.95299,-160.888171,M,coho,6
615,8/6/2020 18:40,64.131052,-160.976405,M,coho,6
615,8/8/2020 1:26,64.131239,-160.964123,M,coho,6
630,8/11/2021 23:12,63.557764,-161.056892,M,coho,6
630,8/10/2021 12:17,63.953475,-160.869926,M,coho,6
630,8/11/2021 4:01,63.953841,-160.857668,M,coho,6
650,8/11/2021 5:53,63.557764,-161.056892,F,coho,6
650,8/10/2021 13:20,63.953841,-160.857668,F,coho,6
670,8/11/2021 13:20,63.557764,-161.056892,F,coho,6
670,8/10/2021 14:38,63.95299,-160.888171,F,coho,6
675,8/7/2020 9:24,63.555623,-161.051248,M,coho,6
675,8/6/2020 22:53,63.95299,-160.888171,M,coho,6
690,8/11/2021 15:41,63.557764,-161.056892,M,coho,6
710,8/14/2021 21:40,63.557764,-161.056892,M,coho,6
715,8/7/2020 22:24,63.555623,-161.051248,M,coho,6
715,8/7/2020 14:29,63.953142,-160.882113,M,coho,6
735,8/7/2020 6:10,63.555623,-161.051248,M,coho,6
735,8/6/2020 19:19,63.953142,-160.882113,M,coho,6
770,8/14/2021 19:41,63.557764,-161.056892,M,coho,6
770,8/12/2021 10:30,63.953644,-160.863799,M,coho,6
770,8/12/2021 22:12,63.95299,-160.888171,M,coho,6
770,8/13/2021 9:44,63.953841,-160.857668,M,coho,6
815,8/7/2020 2:00,63.555623,-161.051248,F,coho,6
815,8/3/2020 15:35,63.953142,-160.882113,F,coho,6
815,8/4/2020 11:43,63.953337,-160.876021,F,coho,6
835,8/6/2020 15:54,63.557764,-161.056892,M,coho,6
835,8/3/2020 15:02,63.953142,-160.882113,M,coho,6
870,8/21/2021 10:05,63.557764,-161.056892,F,coho,6
890,8/19/2021 23:14,63.557764,-161.056892,M,coho,6
890,8/18/2021 16:19,63.692109,-160.888144,M,coho,6
895,8/15/2020 5:43,64.368624,-161.112718,F,coho,5
895,8/7/2020 19:33,63.95299,-160.888171,F,coho,5
895,8/8/2020 17:37,63.953142,-160.882113,F,coho,5
895,8/9/2020 8:00,63.953841,-160.857668,F,coho,5
895,8/12/2020 16:23,64.130854,-160.98861,F,coho,5
930,8/22/2021 9:18,63.557764,-161.056892,M,coho,4
930,8/28/2021 15:43,64.131052,-160.976405,M,coho,4
930,8/30/2021 3:24,64.545967,-161.384115,M,coho,4
935,8/8/2020 13:31,63.555623,-161.051248,M,coho,6
935,8/7/2020 20:43,63.953841,-160.857668,M,coho,6
955,8/13/2020 13:10,64.039991,-160.900489,F,coho,6
995,8/7/2020 23:38,63.555623,-161.051248,M,coho,6
995,8/7/2020 17:06,63.95299,-160.888171,M,coho,6
1010,8/16/2021 21:49,63.548007,-161.129208,M,coho,S
1010,8/18/2021 13:09,63.547179,-161.123543,M,coho,S
1010,8/20/2021 7:50,63.548007,-161.129208,M,coho,S
1010,8/21/2021 23:24,63.547179,-161.123543,M,coho,S
1010,8/21/2021 17:59,63.693551,-160.8998,M,coho,S
1010,8/17/2021 13:46,63.953841,-160.857668,M,coho,S
1010,8/21/2021 7:26,63.953337,-160.876021,M,coho,S
1015,8/8/2020 18:35,63.555623,-161.051248,M,coho,6
1015,8/7/2020 23:44,63.953644,-160.863799,M,coho,6
1035,8/17/2020 17:10,63.555623,-161.051248,M,coho,6
1035,8/12/2020 17:18,64.039991,-160.900489,M,coho,6
1035,8/16/2020 18:28,64.042944,-160.888673,M,coho,6
1035,8/17/2020 10:42,63.95299,-160.888171,M,coho,6
1055,8/9/2020 9:18,63.555623,-161.051248,F,coho,6
1055,8/8/2020 0:50,64.131144,-160.970255,F,coho,6
1055,8/8/2020 15:01,64.131239,-160.964123,F,coho,6
1070,8/22/2021 6:28,63.557764,-161.056892,M,coho,6
1075,8/7/2020 21:31,63.953841,-160.857668,F,coho,6
1090,8/24/2021 1:16,63.557764,-161.056892,F,coho,6
1095,8/8/2020 9:24,63.557764,-161.056892,M,coho,6
1095,8/7/2020 17:57,63.95299,-160.888171,M,coho,6
1110,8/23/2021 21:51,63.557764,-161.056892,F,coho,6
1130,8/24/2021 11:05,63.547179,-161.123543,M,coho,6
1130,8/24/2021 19:46,63.548007,-161.129208,M,coho,6
1130,8/23/2021 17:01,63.690645,-160.876555,M,coho,6
1135,8/8/2020 22:07,63.555623,-161.051248,M,coho,6
1135,8/8/2020 13:50,63.953142,-160.882113,M,coho,6
1155,8/9/2020 23:26,63.557764,-161.056892,M,coho,6
1155,8/9/2020 17:36,63.95299,-160.888171,M,coho,6
1155,8/8/2020 16:50,64.131287,-160.957982,M,coho,6
1175,8/15/2020 18:25,64.368624,-161.112718,M,coho,5
1175,8/9/2020 20:53,64.042944,-160.888673,M,coho,5
1175,8/11/2020 6:35,64.042944,-160.888673,M,coho,5
1175,8/12/2020 23:19,64.131239,-160.964123,M,coho,5
1195,8/14/2020 16:17,63.557764,-161.056892,M,coho,6
1195,8/14/2020 10:34,63.95299,-160.888171,M,coho,6
1195,8/12/2020 13:31,64.131287,-160.957982,M,coho,6
1210,8/24/2021 4:14,63.95299,-160.888171,F,coho,6
1215,8/8/2020 19:49,64.039991,-160.900489,F,coho,6
1235,8/8/2020 20:33,63.555623,-161.051248,M,coho,6
1235,8/8/2020 11:33,63.95299,-160.888171,M,coho,6
1255,8/11/2020 21:07,63.555623,-161.051248,F,coho,6
1255,8/8/2020 4:57,64.131144,-160.970255,F,coho,6
1255,8/10/2020 18:07,64.131052,-160.976405,F,coho,6
1275,8/15/2020 10:51,63.557764,-161.056892,M,coho,6
1275,8/10/2020 8:14,63.547179,-161.123543,M,coho,6
1275,8/9/2020 18:39,63.690645,-160.876555,M,coho,6
1275,8/8/2020 17:16,63.953142,-160.882113,M,coho,6
1310,8/24/2021 10:42,63.557764,-161.056892,M,coho,6
1310,8/23/2021 18:13,63.953337,-160.876021,M,coho,6
1315,8/10/2020 22:49,63.555623,-161.051248,M,coho,6
1315,8/7/2020 22:44,63.953841,-160.857668,M,coho,6
1315,8/10/2020 14:39,63.953337,-160.876021,M,coho,6
1315,8/8/2020 16:07,64.131287,-160.957982,M,coho,6
1315,8/9/2020 19:55,64.131144,-160.970255,M,coho,6
1335,8/16/2020 6:51,64.366297,-161.093039,M,coho,5
1350,8/24/2021 21:28,63.557764,-161.056892,M,coho,6
1350,8/23/2021 23:06,63.953841,-160.857668,M,coho,6
1370,8/24/2021 12:16,63.557764,-161.056892,M,coho,6
1370,8/23/2021 17:23,63.953841,-160.857668,M,coho,6
1375,8/20/2020 11:41,64.927713,-160.982101,M,coho,4
1375,8/20/2020 11:41,64.927713,-160.982101,M,coho,4
1375,8/8/2020 1:48,64.131239,-160.964123,M,coho,4
1375,8/8/2020 16:35,64.371604,-161.541044,M,coho,4
1375,8/10/2020 17:42,64.371604,-161.541044,M,coho,4
1375,8/15/2020 9:27,64.376093,-161.533817,M,coho,4
1375,8/9/2020 1:31,64.535826,-161.37641,M,coho,4
1375,8/10/2020 10:11,64.538388,-161.37827,M,coho,4
1390,8/24/2021 12:08,63.557764,-161.056892,F,coho,6
1390,8/23/2021 21:35,63.953841,-160.857668,F,coho,6
1430,8/23/2021 17:41,63.953841,-160.857668,M,coho,N
1430,8/24/2021 13:30,63.953475,-160.869926,M,coho,N
1430,8/24/2021 21:38,64.131144,-160.970255,M,coho,N
1430,8/25/2021 19:42,64.367045,-161.548138,M,coho,N
1435,8/9/2020 11:23,63.547179,-161.123543,M,coho,S
1435,8/8/2020 15:08,63.692845,-160.893966,M,coho,S
1435,8/7/2020 19:48,63.95299,-160.888171,M,coho,S
1450,8/24/2021 21:03,63.557764,-161.056892,F,coho,6
1450,8/23/2021 23:55,63.953841,-160.857668,F,coho,6
1455,8/13/2020 13:11,63.557764,-161.056892,F,coho,6
1455,8/13/2020 0:11,63.953644,-160.863799,F,coho,6
1470,8/25/2021 11:02,63.557764,-161.056892,F,coho,6
1470,8/24/2021 16:33,63.953475,-160.869926,F,coho,6
1495,8/12/2020 22:47,63.555623,-161.051248,F,coho,6
1495,8/10/2020 21:32,63.95299,-160.888171,F,coho,6
1510,8/24/2021 12:55,63.557764,-161.056892,F,coho,6
1510,8/23/2021 23:58,63.953841,-160.857668,F,coho,6
1515,8/11/2020 11:06,63.555623,-161.051248,F,coho,6
1515,8/11/2020 1:21,63.953337,-160.876021,F,coho,6
1535,8/11/2020 15:06,63.555623,-161.051248,F,coho,6
1535,8/11/2020 7:01,63.953644,-160.863799,F,coho,6
1575,8/16/2020 18:21,64.042944,-160.888673,M,coho,6
1615,8/11/2020 19:56,63.557764,-161.056892,M,coho,6
1615,8/11/2020 11:59,63.95299,-160.888171,M,coho,6
1630,8/24/2021 22:49,63.557764,-161.056892,M,coho,6
1630,8/24/2021 1:43,63.953841,-160.857668,M,coho,6
1655,8/13/2020 9:57,64.131052,-160.976405,M,coho,N
1655,8/14/2020 3:45,64.376093,-161.533817,M,coho,N
1675,8/15/2020 6:45,64.368624,-161.112718,M,coho,5
1675,8/12/2020 5:12,64.131239,-160.964123,M,coho,5
1695,8/19/2020 13:24,63.555623,-161.051248,M,coho,6
1695,8/15/2020 9:13,64.368624,-161.112718,M,coho,6
1695,8/18/2020 7:14,64.366297,-161.093039,M,coho,6
1695,8/19/2020 5:10,63.953142,-160.882113,M,coho,6
1695,8/12/2020 10:10,64.131287,-160.957982,M,coho,6
1695,8/18/2020 21:48,64.131287,-160.957982,M,coho,6
1730,8/24/2021 22:13,63.557764,-161.056892,M,coho,6
1730,8/24/2021 1:15,63.953841,-160.857668,M,coho,6
1735,8/14/2020 18:57,63.557764,-161.056892,F,coho,6
1735,8/12/2020 10:37,63.95299,-160.888171,F,coho,6
1735,8/13/2020 17:38,63.953644,-160.863799,F,coho,6
1755,8/15/2020 6:46,63.557764,-161.056892,F,coho,6
1755,8/12/2020 10:59,63.95299,-160.888171,F,coho,6
1770,8/24/2021 16:04,63.557764,-161.056892,M,coho,6
1770,8/24/2021 1:34,63.953841,-160.857668,M,coho,6
1775,8/18/2020 10:19,63.555623,-161.051248,M,coho,6
1775,8/12/2020 10:58,63.95299,-160.888171,M,coho,6
1795,8/13/2020 11:20,63.555623,-161.051248,M,coho,6
1795,8/12/2020 10:56,63.95299,-160.888171,M,coho,6
1815,8/16/2020 19:49,64.042944,-160.888673,F,coho,6
1815,8/12/2020 11:55,63.953644,-160.863799,F,coho,6
1835,8/14/2020 3:36,63.547179,-161.123543,M,coho,S
1835,8/13/2020 7:08,63.690645,-160.876555,M,coho,S
1835,8/12/2020 11:06,63.953142,-160.882113,M,coho,S
1855,8/13/2020 2:13,63.557764,-161.056892,M,coho,6
1855,8/12/2020 19:11,63.95299,-160.888171,M,coho,6
1870,8/24/2021 8:47,63.557764,-161.056892,M,coho,6
1875,8/13/2020 21:47,63.555623,-161.051248,M,coho,6
1875,8/12/2020 11:16,63.95299,-160.888171,M,coho,6
1915,8/18/2020 23:22,64.042944,-160.888673,M,coho,6
1915,8/12/2020 13:59,63.953644,-160.863799,M,coho,6
1915,8/14/2020 16:50,63.95299,-160.888171,M,coho,6
1955,8/19/2020 16:35,64.042944,-160.888673,F,coho,6
1955,8/12/2020 11:37,63.95299,-160.888171,F,coho,6
1955,8/13/2020 3:01,63.953337,-160.876021,F,coho,6
1975,8/15/2020 7:27,63.555623,-161.051248,M,coho,6
1975,8/12/2020 11:46,63.953142,-160.882113,M,coho,6
1975,8/14/2020 2:39,63.953337,-160.876021,M,coho,6
1995,8/13/2020 8:21,63.555623,-161.051248,M,coho,6
1995,8/12/2020 12:33,63.953337,-160.876021,M,coho,6
2015,8/13/2020 11:52,63.557764,-161.056892,M,coho,6
2015,8/12/2020 11:45,63.953142,-160.882113,M,coho,6
2030,8/24/2021 16:23,63.953475,-160.869926,F,coho,6
2055,8/14/2020 12:47,63.547179,-161.123543,M,coho,S
2055,8/13/2020 19:48,63.691418,-160.88228,M,coho,S
2055,8/12/2020 11:56,63.953142,-160.882113,M,coho,S
2090,8/25/2021 13:22,63.557764,-161.056892,F,coho,6
2090,8/24/2021 15:47,63.953337,-160.876021,F,coho,6
2115,8/13/2020 0:37,63.555623,-161.051248,M,coho,6
2115,8/12/2020 12:08,63.95299,-160.888171,M,coho,6
2130,8/24/2021 16:42,63.953475,-160.869926,M,coho,6
2135,8/14/2020 10:27,63.557764,-161.056892,F,coho,6
2135,8/12/2020 12:09,63.95299,-160.888171,F,coho,6
2135,8/13/2020 12:21,63.953142,-160.882113,F,coho,6
2150,8/24/2021 17:04,63.953475,-160.869926,M,coho,6
2155,8/13/2020 7:46,63.555623,-161.051248,M,coho,6
2155,8/12/2020 12:12,63.95299,-160.888171,M,coho,6
2175,8/15/2020 6:38,63.860209,-160.697523,M,coho,6
2175,8/14/2020 6:41,63.547179,-161.123543,M,coho,6
2175,8/14/2020 17:53,63.547179,-161.123543,M,coho,6
2175,8/13/2020 10:01,63.691418,-160.88228,M,coho,6
2175,8/12/2020 12:13,63.95299,-160.888171,M,coho,6
2195,8/12/2020 14:33,63.953644,-160.863799,F,coho,N
2195,8/14/2020 5:52,64.131287,-160.957982,F,coho,N
2195,8/15/2020 21:11,64.371604,-161.541044,F,coho,N
2195,8/16/2020 12:30,64.540824,-161.380421,F,coho,N
2195,8/17/2020 9:44,64.732402,-161.527414,F,coho,N
2215,8/17/2020 18:48,64.042944,-160.888673,M,coho,6
2215,8/12/2020 12:16,63.95299,-160.888171,M,coho,6
2235,8/13/2020 18:13,63.557764,-161.056892,F,coho,6
2235,8/12/2020 12:52,63.953475,-160.869926,F,coho,6
2295,8/22/2020 0:19,64.368624,-161.112718,M,coho,5
2295,8/12/2020 12:29,63.95299,-160.888171,M,coho,5
2295,8/13/2020 0:01,63.953644,-160.863799,M,coho,5
2295,8/13/2020 14:32,64.131052,-160.976405,M,coho,5
2315,8/12/2020 12:31,63.95299,-160.888171,F,coho,6
2330,8/25/2021 11:09,63.557764,-161.056892,M,coho,6
2335,8/21/2020 19:34,64.042944,-160.888673,F,coho,6
2335,8/12/2020 13:23,63.953337,-160.876021,F,coho,6
2335,8/14/2020 5:27,63.953644,-160.863799,F,coho,6
2335,8/15/2020 6:15,63.953841,-160.857668,F,coho,6
2335,8/16/2020 13:37,63.953142,-160.882113,F,coho,6
2335,8/17/2020 7:23,63.95299,-160.888171,F,coho,6
2355,8/18/2020 12:17,63.555623,-161.051248,F,coho,6
2355,8/12/2020 12:50,63.953142,-160.882113,F,coho,6
2355,8/18/2020 0:02,63.95299,-160.888171,F,coho,6
2355,8/17/2020 16:10,64.131052,-160.976405,F,coho,6
2375,8/13/2020 15:44,63.555623,-161.051248,F,coho,6
2375,8/12/2020 12:52,63.95299,-160.888171,F,coho,6
2395,8/14/2020 3:55,63.557764,-161.056892,M,coho,6
2395,8/12/2020 13:17,63.953142,-160.882113,M,coho,6
2415,8/30/2020 6:58,64.366297,-161.093039,M,coho,5
2415,8/17/2020 13:48,63.953142,-160.882113,M,coho,5
2415,8/24/2020 17:03,64.131239,-160.964123,M,coho,5
2455,8/19/2020 2:33,63.548007,-161.129208,M,coho,S
2455,8/18/2020 18:52,63.691418,-160.88228,M,coho,S
2455,8/17/2020 14:07,63.95299,-160.888171,M,coho,S
2475,8/17/2020 15:31,63.953475,-160.869926,M,coho,6
2475,8/18/2020 5:08,63.95299,-160.888171,M,coho,6
2495,8/19/2020 7:05,63.555623,-161.051248,F,coho,6
2495,8/17/2020 14:10,63.95299,-160.888171,F,coho,6
2515,8/18/2020 20:50,63.555623,-161.051248,F,coho,6
2515,8/17/2020 14:24,63.95299,-160.888171,F,coho,6
2535,8/19/2020 8:03,63.547179,-161.123543,M,coho,S
2535,8/18/2020 14:27,63.691418,-160.88228,M,coho,S
2535,8/17/2020 14:20,63.953142,-160.882113,M,coho,S
2555,8/19/2020 16:33,63.557764,-161.056892,F,coho,6
2555,8/17/2020 14:17,63.95299,-160.888171,F,coho,6
2575,8/18/2020 9:14,63.557764,-161.056892,F,coho,6
2575,8/17/2020 14:30,63.95299,-160.888171,F,coho,6
2615,8/19/2020 10:01,63.557764,-161.056892,F,coho,6
2615,8/17/2020 15:25,63.953142,-160.882113,F,coho,6
2715,8/18/2020 13:04,63.555623,-161.051248,M,coho,6
2715,8/17/2020 15:05,63.95299,-160.888171,M,coho,6
2735,8/18/2020 9:41,63.555623,-161.051248,M,coho,6
2735,8/17/2020 15:05,63.95299,-160.888171,M,coho,6
2775,8/27/2020 21:31,63.557764,-161.056892,M,coho,6
2775,8/17/2020 15:24,63.95299,-160.888171,M,coho,6
2795,8/18/2020 8:24,63.555623,-161.051248,F,coho,6
2795,8/17/2020 15:54,63.953337,-160.876021,F,coho,6
2815,8/18/2020 6:44,63.555623,-161.051248,F,coho,6
2815,8/17/2020 15:35,63.95299,-160.888171,F,coho,6
2835,8/20/2020 0:51,63.547179,-161.123543,M,coho,S
2835,8/19/2020 16:36,63.690645,-160.876555,M,coho,S
2835,8/18/2020 11:19,63.95299,-160.888171,M,coho,S
2855,8/19/2020 15:24,63.555623,-161.051248,F,coho,6
2855,8/18/2020 14:00,63.95299,-160.888171,F,coho,6
2895,8/19/2020 21:37,63.547179,-161.123543,M,coho,S
2895,8/19/2020 14:54,63.691418,-160.88228,M,coho,S
2895,8/18/2020 11:28,63.95299,-160.888171,M,coho,S
2915,8/24/2020 12:58,63.555623,-161.051248,M,coho,6
2915,8/18/2020 11:54,63.953644,-160.863799,M,coho,6
2915,8/20/2020 7:19,63.953142,-160.882113,M,coho,6
2915,8/23/2020 20:28,63.953142,-160.882113,M,coho,6
2915,8/20/2020 12:27,64.131239,-160.964123,M,coho,6
2915,8/23/2020 12:41,64.131239,-160.964123,M,coho,6
2915,8/21/2020 1:17,64.364748,-161.551676,M,coho,6
2935,8/18/2020 22:54,63.555623,-161.051248,M,coho,6
2935,8/18/2020 11:44,63.953475,-160.869926,M,coho,6
2955,8/19/2020 14:55,63.557764,-161.056892,F,coho,6
2955,8/18/2020 11:45,63.953142,-160.882113,F,coho,6
2955,8/18/2020 22:47,63.953142,-160.882113,F,coho,6
2975,8/22/2020 20:46,63.555623,-161.051248,M,coho,6
2975,8/18/2020 13:11,63.953475,-160.869926,M,coho,6
2975,8/22/2020 14:52,63.953142,-160.882113,M,coho,6
2995,8/21/2020 20:47,64.042944,-160.888673,F,coho,6
2995,8/18/2020 11:37,63.95299,-160.888171,F,coho,6
3075,8/19/2020 21:00,63.555623,-161.051248,F,coho,6
3075,8/18/2020 12:31,63.953337,-160.876021,F,coho,6
3115,8/22/2020 21:44,64.042944,-160.888673,M,coho,6
3115,8/18/2020 12:06,63.95299,-160.888171,M,coho,6
3115,8/19/2020 6:48,63.95299,-160.888171,M,coho,6
3175,8/19/2020 18:21,63.555623,-161.051248,M,coho,6
3175,8/18/2020 12:20,63.95299,-160.888171,M,coho,6
3215,8/25/2020 21:12,63.557764,-161.056892,M,coho,6
3215,8/24/2020 20:04,63.953644,-160.863799,M,coho,6
3215,8/25/2020 11:19,63.953142,-160.882113,M,coho,6
3335,8/24/2020 22:51,63.555623,-161.051248,M,coho,6
3335,8/24/2020 12:28,63.953142,-160.882113,M,coho,6
3375,8/28/2020 12:37,63.551293,-161.151899,M,coho,S
3375,8/25/2020 21:47,63.691418,-160.88228,M,coho,S
3375,8/28/2020 8:05,63.691418,-160.88228,M,coho,S
3375,8/24/2020 13:24,63.95299,-160.888171,M,coho,S
3375,8/25/2020 9:36,63.953142,-160.882113,M,coho,S
3375,8/26/2020 5:33,63.953142,-160.882113,M,coho,S
3375,8/27/2020 9:30,64.131287,-160.957982,M,coho,S
3395,8/24/2020 22:15,63.555623,-161.051248,F,coho,6
3395,8/24/2020 13:38,63.953142,-160.882113,F,coho,6
3475,8/25/2020 19:30,63.555623,-161.051248,M,coho,6
3475,8/24/2020 14:44,63.95299,-160.888171,M,coho,6
3495,8/25/2020 12:05,63.555623,-161.051248,M,coho,6
3495,8/24/2020 14:48,63.95299,-160.888171,M,coho,6
3515,8/25/2020 18:56,63.555623,-161.051248,M,coho,6
3515,8/24/2020 16:29,63.953841,-160.857668,M,coho,6
3515,8/25/2020 10:39,63.953142,-160.882113,M,coho,6
3535,8/26/2020 10:30,63.555623,-161.051248,F,coho,6
3535,8/25/2020 14:02,63.95299,-160.888171,F,coho,6
3595,8/25/2020 22:59,63.555623,-161.051248,M,coho,6
3595,8/25/2020 14:13,63.95299,-160.888171,M,coho,6
3615,8/26/2020 22:05,63.555623,-161.051248,M,coho,6
3615,8/25/2020 14:25,63.95299,-160.888171,M,coho,6
3655,8/26/2020 21:05,63.555623,-161.051248,M,coho,6
3655,8/25/2020 15:03,63.95299,-160.888171,M,coho,6
3655,8/26/2020 11:18,63.953644,-160.863799,M,coho,6
3695,8/26/2020 16:19,63.555623,-161.051248,F,coho,6
3695,8/25/2020 17:32,63.953644,-160.863799,F,coho,6
3695,8/26/2020 7:03,63.95299,-160.888171,F,coho,6
3715,9/3/2020 22:51,64.042944,-160.888673,M,coho,6
3715,8/25/2020 15:43,63.95299,-160.888171,M,coho,6
3795,8/27/2020 9:13,63.555623,-161.051248,F,coho,6
3795,8/25/2020 17:23,63.953337,-160.876021,F,coho,6
3855,8/26/2020 14:55,63.555623,-161.051248,M,coho,6
3855,8/25/2020 16:34,63.953142,-160.882113,M,coho,6
3895,8/27/2020 9:11,63.555623,-161.051248,M,coho,6
3895,8/25/2020 16:39,63.95299,-160.888171,M,coho,6
3895,8/26/2020 11:40,63.953841,-160.857668,M,coho,6
3915,8/26/2020 18:02,63.555623,-161.051248,F,coho,6
3915,8/25/2020 16:25,63.95299,-160.888171,F,coho,6
3935,8/26/2020 10:43,63.555623,-161.051248,M,coho,6
3935,8/25/2020 16:42,63.953142,-160.882113,M,coho,6
3975,8/26/2020 22:29,63.555623,-161.051248,M,coho,6
3975,8/25/2020 16:41,63.95299,-160.888171,M,coho,6
3975,8/26/2020 14:33,63.95299,-160.888171,M,coho,6
3995,8/26/2020 17:55,63.550473,-161.146236,M,coho,S
3995,8/26/2020 12:15,63.691418,-160.88228,M,coho,S
3995,8/25/2020 16:43,63.95299,-160.888171,M,coho,S
4015,8/5/2020 19:03,63.555623,-161.051248,M,coho,6
4015,8/3/2020 13:42,63.953142,-160.882113,M,coho,6
4015,8/1/2020 15:58,64.130854,-160.98861,M,coho,6
4015,8/2/2020 21:55,64.130854,-160.98861,M,coho,6
4035,8/4/2020 7:09,63.555623,-161.051248,M,coho,6
4035,8/3/2020 16:37,63.953644,-160.863799,M,coho,6
4035,8/3/2020 5:00,64.131287,-160.957982,M,coho,6
4055,8/2/2020 3:18,64.320926,-161.107788,M,coho,5
4075,8/5/2020 2:17,64.368624,-161.112718,M,coho,5
4135,8/13/2020 14:22,63.557764,-161.056892,F,coho,6
4135,8/10/2020 18:58,64.039991,-160.900489,F,coho,6
4135,8/11/2020 19:35,64.042944,-160.888673,F,coho,6
4135,8/12/2020 17:05,63.953142,-160.882113,F,coho,6
4155,8/6/2020 9:14,63.555623,-161.051248,F,coho,6
4155,8/5/2020 16:14,63.953142,-160.882113,F,coho,6
4155,8/2/2020 15:52,64.130854,-160.98861,F,coho,6
4175,8/17/2020 14:43,63.548826,-161.134898,M,coho,S
4175,8/16/2020 23:19,63.693551,-160.8998,M,coho,S
4175,8/15/2020 10:32,63.953644,-160.863799,M,coho,S
4175,8/11/2020 18:14,64.130854,-160.98861,M,coho,S
4190,8/5/2021 14:32,64.320926,-161.107788,F,coho,5
4190,8/3/2021 22:01,64.131144,-160.970255,F,coho,5
4235,8/11/2020 16:23,63.547179,-161.123543,M,coho,S
4235,8/11/2020 8:06,63.691418,-160.88228,M,coho,S
4235,8/10/2020 18:38,63.953644,-160.863799,M,coho,S
4235,8/10/2020 11:56,64.131287,-160.957982,M,coho,S
4235,8/8/2020 9:00,64.376093,-161.533817,M,coho,S
4235,8/9/2020 17:18,64.364748,-161.551676,M,coho,S
4235,8/9/2020 8:10,64.535826,-161.37641,M,coho,S
4250,8/5/2021 9:52,63.557764,-161.056892,F,coho,6
4250,8/4/2021 14:56,63.953841,-160.857668,F,coho,6
4250,8/4/2021 3:46,64.131144,-160.970255,F,coho,6
4255,8/12/2020 18:09,63.557764,-161.056892,M,coho,6
4255,8/8/2020 8:16,63.548007,-161.129208,M,coho,6
4255,8/7/2020 17:31,63.691418,-160.88228,M,coho,6
4270,8/6/2021 15:33,63.557764,-161.056892,F,coho,6
4270,8/5/2021 22:48,63.953475,-160.869926,F,coho,6
4275,8/7/2020 23:28,63.555623,-161.051248,F,coho,6
4275,8/7/2020 10:33,63.953142,-160.882113,F,coho,6
4295,8/8/2020 20:38,63.557764,-161.056892,M,coho,6
4295,8/8/2020 14:18,63.95299,-160.888171,M,coho,6
4295,8/8/2020 3:19,64.130941,-160.982481,M,coho,6
4315,8/8/2020 12:44,63.557764,-161.056892,F,coho,6
4315,8/7/2020 19:55,64.131287,-160.957982,F,coho,6
4330,8/19/2021 16:45,64.366297,-161.093039,F,coho,5
4330,8/4/2021 6:57,64.131144,-160.970255,F,coho,5
4330,8/18/2021 11:44,64.131144,-160.970255,F,coho,5
4335,8/10/2020 6:09,63.555623,-161.051248,F,coho,6
4335,8/9/2020 17:37,63.953644,-160.863799,F,coho,6
4335,8/9/2020 7:06,64.131144,-160.970255,F,coho,6
4335,8/7/2020 19:27,64.364748,-161.551676,F,coho,6
4350,8/5/2021 14:04,64.368624,-161.112718,M,coho,N
4350,8/16/2021 19:03,64.366297,-161.093039,M,coho,N
4350,8/4/2021 7:09,64.130854,-160.98861,M,coho,N
4350,8/17/2021 21:02,64.373826,-161.537393,M,coho,N
4350,8/18/2021 6:33,64.373826,-161.537393,M,coho,N
4355,8/10/2020 21:59,63.547179,-161.123543,M,coho,S
4355,8/10/2020 14:13,63.691418,-160.88228,M,coho,S
4355,8/9/2020 18:42,64.131052,-160.976405,M,coho,S
4355,8/8/2020 8:48,64.376093,-161.533817,M,coho,S
4375,8/10/2020 23:35,63.555623,-161.051248,M,coho,6
4375,8/10/2020 7:37,63.95299,-160.888171,M,coho,6
4375,8/9/2020 18:39,64.131052,-160.976405,M,coho,6
4415,8/16/2020 6:34,64.042944,-160.888673,M,coho,6
4415,8/10/2020 2:01,64.131287,-160.957982,M,coho,6
4435,8/12/2020 20:01,63.555623,-161.051248,M,coho,6
4435,8/12/2020 11:03,63.95299,-160.888171,M,coho,6
4435,8/9/2020 7:50,64.130854,-160.98861,M,coho,6
4470,8/11/2021 20:54,63.557764,-161.056892,M,coho,6
4470,8/11/2021 4:21,63.953841,-160.857668,M,coho,6
4470,8/10/2021 18:09,64.131239,-160.964123,M,coho,6
4475,8/10/2020 11:11,63.555623,-161.051248,M,coho,6
4475,8/9/2020 21:50,63.95299,-160.888171,M,coho,6
4475,8/9/2020 16:27,64.131144,-160.970255,M,coho,6
4495,8/11/2020 0:44,64.042944,-160.888673,M,coho,6
4495,8/7/2020 23:13,64.131144,-160.970255,M,coho,6
4510,8/10/2021 16:25,64.368624,-161.112718,M,coho,5
4515,8/11/2020 14:49,63.557764,-161.056892,M,coho,6
4515,8/10/2020 23:35,63.95299,-160.888171,M,coho,6
4515,8/10/2020 17:05,64.131287,-160.957982,M,coho,6
4530,8/10/2021 13:34,64.318634,-161.122722,F,coho,5
4535,8/15/2020 8:29,63.557764,-161.056892,F,coho,6
4535,8/12/2020 21:14,63.95299,-160.888171,F,coho,6
4535,8/13/2020 9:16,63.95299,-160.888171,F,coho,6
4535,8/12/2020 11:07,64.131287,-160.957982,F,coho,6
4550,8/12/2021 22:47,63.557764,-161.056892,M,coho,6
4550,8/11/2021 6:32,63.953644,-160.863799,M,coho,6
4550,8/10/2021 19:14,64.131239,-160.964123,M,coho,6
4555,8/26/2020 20:17,63.555623,-161.051248,M,coho,6
4555,8/14/2020 6:54,64.368624,-161.112718,M,coho,6
4555,8/25/2020 1:29,64.368624,-161.112718,M,coho,6
4555,8/26/2020 12:31,63.95299,-160.888171,M,coho,6
4555,8/25/2020 17:35,64.131287,-160.957982,M,coho,6
4575,8/13/2020 22:46,63.555623,-161.051248,M,coho,6
4575,8/12/2020 18:33,63.95299,-160.888171,M,coho,6
4575,8/13/2020 8:35,63.953142,-160.882113,M,coho,6
4575,8/12/2020 12:43,64.131239,-160.964123,M,coho,6
4590,8/16/2021 10:36,64.368624,-161.112718,M,coho,5
4595,8/14/2020 14:26,63.557764,-161.056892,M,coho,6
4595,8/13/2020 5:23,64.131239,-160.964123,M,coho,6
4610,8/15/2021 15:24,64.368624,-161.112718,M,coho,5
4615,8/13/2020 6:51,63.555623,-161.051248,F,coho,6
4615,8/12/2020 8:43,63.953142,-160.882113,F,coho,6
4615,8/10/2020 12:23,64.131287,-160.957982,F,coho,6
4630,8/12/2021 15:54,64.719596,-161.517487,M,coho,N
4635,8/12/2020 15:37,64.366297,-161.093039,M,coho,5
4635,8/10/2020 12:39,64.131287,-160.957982,M,coho,5
4635,8/11/2020 8:11,64.130854,-160.98861,M,coho,5
4650,8/15/2021 19:13,64.368624,-161.112718,M,coho,5
4655,8/13/2020 13:58,63.555623,-161.051248,M,coho,6
4655,8/13/2020 6:30,63.95299,-160.888171,M,coho,6
4655,8/10/2020 14:06,64.131287,-160.957982,M,coho,6
4655,8/11/2020 22:01,64.130854,-160.98861,M,coho,6
4655,8/12/2020 23:14,64.130854,-160.98861,M,coho,6
4675,8/17/2020 22:01,64.042944,-160.888673,M,coho,6
4675,8/10/2020 12:48,64.131287,-160.957982,M,coho,6
4675,8/13/2020 20:01,64.131287,-160.957982,M,coho,6
4690,8/12/2021 0:20,64.373826,-161.537393,F,coho,4
4690,8/12/2021 9:45,64.373826,-161.537393,F,coho,4
4690,8/14/2021 4:23,64.535826,-161.37641,F,coho,4
4695,8/10/2020 23:19,64.131287,-160.957982,M,coho,6
4710,8/15/2021 8:44,63.557764,-161.056892,M,coho,6
4710,8/12/2021 13:06,64.131144,-160.970255,M,coho,6
4735,8/12/2020 23:07,64.042944,-160.888673,M,coho,6
4735,8/12/2020 9:52,64.131287,-160.957982,M,coho,6
4750,8/15/2021 23:07,64.368624,-161.112718,M,coho,5
4750,8/11/2021 9:09,64.373826,-161.537393,M,coho,5
4750,8/13/2021 22:57,64.367045,-161.548138,M,coho,5
4755,8/12/2020 10:11,63.555623,-161.051248,M,coho,6
4755,8/11/2020 23:14,63.95299,-160.888171,M,coho,6
4755,8/11/2020 16:21,64.131287,-160.957982,M,coho,6
4775,8/12/2020 22:40,64.042944,-160.888673,M,coho,6
4775,8/12/2020 11:20,64.131144,-160.970255,M,coho,6
4795,8/11/2020 20:36,63.555623,-161.051248,M,coho,6
4795,8/11/2020 8:12,63.95299,-160.888171,M,coho,6
4795,8/10/2020 20:07,64.131239,-160.964123,M,coho,6
4810,8/21/2021 8:15,64.368624,-161.112718,M,coho,5
4815,8/13/2020 2:13,63.557764,-161.056892,M,coho,6
4815,8/12/2020 18:41,63.95299,-160.888171,M,coho,6
4815,8/12/2020 11:56,64.131239,-160.964123,M,coho,6
4850,8/22/2021 14:54,63.557764,-161.056892,F,coho,6
4850,8/20/2021 12:27,63.953841,-160.857668,F,coho,6
4850,8/19/2021 19:39,64.131144,-160.970255,F,coho,6
4855,8/12/2020 9:04,63.860209,-160.697523,M,coho,6
4855,8/11/2020 20:10,63.691418,-160.88228,M,coho,6
4855,8/11/2020 0:21,63.95299,-160.888171,M,coho,6
4855,8/10/2020 17:50,64.131287,-160.957982,M,coho,6
4875,8/11/2020 18:44,63.555623,-161.051248,M,coho,6
4875,8/11/2020 10:55,63.95299,-160.888171,M,coho,6
4875,8/10/2020 19:15,64.131052,-160.976405,M,coho,6
4895,8/13/2020 0:07,63.555623,-161.051248,M,coho,6
4895,8/12/2020 16:34,63.95299,-160.888171,M,coho,6
4895,8/12/2020 5:41,64.131052,-160.976405,M,coho,6
4935,8/14/2020 22:59,63.95299,-160.888171,M,coho,6
4935,8/14/2020 12:33,64.131052,-160.976405,M,coho,6
4955,8/18/2020 9:24,63.555623,-161.051248,M,coho,6
4955,8/16/2020 11:37,63.953142,-160.882113,M,coho,6
4955,8/11/2020 14:00,64.130941,-160.982481,M,coho,6
4995,8/18/2020 12:18,63.555623,-161.051248,M,coho,6
4995,8/16/2020 16:03,64.042944,-160.888673,M,coho,6
4995,8/17/2020 12:12,64.042944,-160.888673,M,coho,6
4995,8/17/2020 23:30,63.95299,-160.888171,M,coho,6
4995,8/14/2020 14:38,64.130854,-160.98861,M,coho,6
5030,8/24/2021 16:59,63.557764,-161.056892,M,coho,6
5030,8/24/2021 1:37,63.953841,-160.857668,M,coho,6
5030,8/23/2021 15:51,64.131144,-160.970255,M,coho,6
5035,8/14/2020 16:54,63.555623,-161.051248,M,coho,6
5035,8/14/2020 10:00,63.953142,-160.882113,M,coho,6
5035,8/13/2020 20:09,64.131287,-160.957982,M,coho,6
5055,8/15/2020 11:22,64.830505,-160.740074,M,coho,4
5055,8/13/2020 15:24,64.376093,-161.533817,M,coho,4
5055,8/13/2020 21:44,64.548512,-161.386132,M,coho,4
5070,8/24/2021 20:24,64.131239,-160.964123,M,coho,6
5075,8/14/2020 11:42,63.555623,-161.051248,F,coho,6
5075,8/13/2020 21:18,63.95299,-160.888171,F,coho,6
5075,8/13/2020 15:41,64.131052,-160.976405,F,coho,6
5095,8/14/2020 15:36,63.547179,-161.123543,F,coho,S
5095,8/14/2020 9:13,63.691418,-160.88228,F,coho,S
5095,8/12/2020 20:34,63.95299,-160.888171,F,coho,S
5095,8/11/2020 18:41,64.130941,-160.982481,F,coho,S
5110,8/25/2021 13:07,63.548826,-161.134898,F,coho,S
5110,8/25/2021 21:53,63.548007,-161.129208,F,coho,S
5110,8/24/2021 9:02,64.131144,-160.970255,F,coho,S
5150,8/26/2021 1:36,64.732402,-161.527414,M,coho,N
5175,8/13/2020 16:10,63.557764,-161.056892,M,coho,6
5175,8/13/2020 8:36,63.95299,-160.888171,M,coho,6
5175,8/12/2020 20:49,64.131287,-160.957982,M,coho,6
5190,8/23/2021 20:25,64.131144,-160.970255,F,coho,6
5195,8/15/2020 11:28,63.860209,-160.697523,M,coho,6
5195,8/14/2020 15:46,63.547179,-161.123543,M,coho,6
5195,8/12/2020 9:06,63.95299,-160.888171,M,coho,6
5195,8/11/2020 19:49,64.131287,-160.957982,M,coho,6
5210,8/25/2021 10:06,63.548826,-161.134898,F,coho,S
5210,8/25/2021 18:46,63.548007,-161.129208,F,coho,S
5210,8/24/2021 20:25,63.692109,-160.888144,F,coho,S
5210,8/23/2021 15:01,64.131144,-160.970255,F,coho,S
5215,8/12/2020 21:51,63.555623,-161.051248,M,coho,6
5215,8/12/2020 14:30,63.95299,-160.888171,M,coho,6
5215,8/11/2020 20:28,64.130854,-160.98861,M,coho,6
5235,8/13/2020 8:08,63.557764,-161.056892,F,coho,6
5235,8/12/2020 15:14,63.953142,-160.882113,F,coho,6
5235,8/12/2020 8:06,64.131239,-160.964123,F,coho,6
5255,8/12/2020 11:26,63.95299,-160.888171,M,coho,6
5255,8/11/2020 22:59,64.130854,-160.98861,M,coho,6
5270,8/25/2021 13:20,63.557764,-161.056892,F,coho,6
5270,8/23/2021 16:41,64.131144,-160.970255,F,coho,6
5275,8/23/2020 20:26,64.320926,-161.107788,F,coho,5
5275,8/14/2020 16:29,64.366297,-161.093039,F,coho,5
5275,8/22/2020 8:03,64.366297,-161.093039,F,coho,5
5295,8/18/2020 12:24,64.039991,-160.900489,F,coho,6
5295,8/12/2020 10:58,64.131144,-160.970255,F,coho,6
5310,8/25/2021 3:13,63.557764,-161.056892,M,coho,6
5310,8/24/2021 17:12,63.953475,-160.869926,M,coho,6
5310,8/24/2021 9:25,64.131144,-160.970255,M,coho,6
5315,8/13/2020 11:16,63.953142,-160.882113,M,coho,6
5315,8/13/2020 3:05,64.131287,-160.957982,M,coho,6
5335,8/13/2020 17:36,63.953142,-160.882113,M,coho,6
5335,8/14/2020 2:40,63.953142,-160.882113,M,coho,6
5335,8/13/2020 11:34,64.131287,-160.957982,M,coho,6
5355,8/13/2020 7:08,64.131287,-160.957982,F,coho,N
5355,8/14/2020 6:59,64.376093,-161.533817,F,coho,N
5375,8/17/2020 0:39,64.320926,-161.107788,F,coho,5
5410,8/24/2021 15:06,63.953475,-160.869926,M,coho,6
5410,8/23/2021 20:51,64.131239,-160.964123,M,coho,6
5415,8/13/2020 14:40,63.547179,-161.123543,F,coho,S
5415,8/13/2020 3:51,63.691418,-160.88228,F,coho,S
5415,8/12/2020 16:49,63.953142,-160.882113,F,coho,S
5415,8/12/2020 8:03,64.131287,-160.957982,F,coho,S
5450,8/24/2021 14:51,64.131144,-160.970255,M,coho,6
5470,8/24/2021 19:53,63.557764,-161.056892,M,coho,6
5470,8/24/2021 8:10,63.953475,-160.869926,M,coho,6
5470,8/23/2021 17:55,64.131144,-160.970255,M,coho,6
5475,8/14/2020 19:57,63.547179,-161.123543,F,coho,S
5475,8/14/2020 12:09,63.691418,-160.88228,F,coho,S
5475,8/13/2020 16:40,63.95299,-160.888171,F,coho,S
5475,8/13/2020 10:02,64.131287,-160.957982,F,coho,S
5495,8/15/2020 15:17,63.547179,-161.123543,M,coho,S
5495,8/15/2020 0:55,63.690645,-160.876555,M,coho,S
5495,8/14/2020 14:58,63.95299,-160.888171,M,coho,S
5495,8/12/2020 17:53,64.131239,-160.964123,M,coho,S
5495,8/14/2020 8:25,64.131287,-160.957982,M,coho,S
5510,8/24/2021 17:22,63.953475,-160.869926,F,coho,6
5510,8/24/2021 10:04,64.131052,-160.976405,F,coho,6
5515,8/14/2020 15:07,63.555623,-161.051248,F,coho,6
5515,8/13/2020 22:49,63.95299,-160.888171,F,coho,6
5515,8/13/2020 16:18,64.131287,-160.957982,F,coho,6
5535,8/15/2020 18:16,63.555623,-161.051248,M,coho,6
5535,8/14/2020 20:06,64.131239,-160.964123,M,coho,6
5555,8/13/2020 20:54,63.555623,-161.051248,M,coho,6
5555,8/13/2020 14:20,63.95299,-160.888171,M,coho,6
5555,8/12/2020 15:31,64.131287,-160.957982,M,coho,6
5575,8/14/2020 21:04,63.555623,-161.051248,M,coho,6
5575,8/14/2020 9:00,63.953142,-160.882113,M,coho,6
5575,8/13/2020 18:01,64.131287,-160.957982,M,coho,6
5595,8/14/2020 12:56,63.95299,-160.888171,F,coho,6
5595,8/13/2020 19:06,64.131287,-160.957982,F,coho,6
5615,8/15/2020 23:08,64.368624,-161.112718,F,coho,5
5655,8/15/2020 15:31,63.860209,-160.697523,F,coho,6
5655,8/13/2020 20:11,63.691418,-160.88228,F,coho,6
5655,8/13/2020 10:11,63.95299,-160.888171,F,coho,6
5655,8/12/2020 20:34,64.131287,-160.957982,F,coho,6
5675,8/21/2020 14:13,63.547179,-161.123543,F,coho,S
5675,8/20/2020 22:02,63.690645,-160.876555,F,coho,S
5675,8/20/2020 10:01,63.953142,-160.882113,F,coho,S
5715,8/16/2020 6:15,63.860209,-160.697523,F,coho,S
5715,8/16/2020 18:50,63.547179,-161.123543,F,coho,S
5715,8/14/2020 20:26,63.691418,-160.88228,F,coho,S
5715,8/13/2020 17:06,63.95299,-160.888171,F,coho,S
5715,8/13/2020 8:39,64.131052,-160.976405,F,coho,S
5735,8/13/2020 4:34,63.95299,-160.888171,M,coho,6
5735,8/12/2020 19:53,64.131287,-160.957982,M,coho,6
5755,8/19/2020 19:18,64.368624,-161.112718,F,coho,5
5795,8/13/2020 20:43,63.555623,-161.051248,F,coho,6
5795,8/13/2020 12:33,63.95299,-160.888171,F,coho,6
5795,8/12/2020 23:11,64.131287,-160.957982,F,coho,6
5815,8/13/2020 20:09,63.555623,-161.051248,M,coho,6
5815,8/13/2020 12:21,63.953142,-160.882113,M,coho,6
5815,8/12/2020 21:07,64.131287,-160.957982,M,coho,6
5835,8/17/2020 7:02,64.548801,-160.852381,F,coho,4
5835,8/14/2020 7:40,64.376093,-161.533817,F,coho,4
5835,8/14/2020 16:00,64.540824,-161.380421,F,coho,4
5875,8/15/2020 10:03,63.547179,-161.123543,F,coho,S
5875,8/14/2020 19:22,63.690645,-160.876555,F,coho,S
5875,8/13/2020 13:18,63.953142,-160.882113,F,coho,S
5875,8/12/2020 20:24,64.131287,-160.957982,F,coho,S
5915,8/15/2020 14:46,63.555623,-161.051248,F,coho,6
5915,8/15/2020 8:11,63.953142,-160.882113,F,coho,6
5915,8/12/2020 18:18,64.131052,-160.976405,F,coho,6
5915,8/14/2020 23:38,64.131287,-160.957982,F,coho,6
5955,8/13/2020 15:29,63.557764,-161.056892,M,coho,6
5955,8/13/2020 6:56,63.95299,-160.888171,M,coho,6
5955,8/12/2020 17:10,64.131287,-160.957982,M,coho,6
5995,8/14/2020 14:11,63.547179,-161.123543,F,coho,S
5995,8/14/2020 3:44,63.691418,-160.88228,F,coho,S
5995,8/13/2020 11:54,63.95299,-160.888171,F,coho,S
5995,8/12/2020 17:59,64.131287,-160.957982,F,coho,S
6015,8/15/2020 10:55,64.368624,-161.112718,M,coho,5
6055,8/13/2020 18:36,63.555623,-161.051248,M,coho,6
6055,8/13/2020 11:02,63.95299,-160.888171,M,coho,6
6055,8/12/2020 20:27,64.131287,-160.957982,M,coho,6
6075,8/16/2020 8:48,64.366297,-161.093039,F,coho,5
6095,8/14/2020 6:50,63.555623,-161.051248,F,coho,6
6095,8/13/2020 14:58,63.95299,-160.888171,F,coho,6
6095,8/13/2020 8:01,64.131144,-160.970255,F,coho,6
6115,8/13/2020 18:11,63.555623,-161.051248,F,coho,6
6115,8/13/2020 10:01,63.95299,-160.888171,F,coho,6
6115,8/12/2020 19:40,64.130941,-160.982481,F,coho,6
6135,8/17/2020 21:45,64.042944,-160.888673,F,coho,6
6135,8/12/2020 20:26,64.130854,-160.98861,F,coho,6
6175,8/22/2020 14:48,63.95299,-160.888171,M,coho,6
6175,8/14/2020 8:53,64.131287,-160.957982,M,coho,6
6275,8/16/2020 6:21,64.368624,-161.112718,M,coho,5
6315,8/15/2020 13:51,64.368624,-161.112718,F,coho,5
6335,8/16/2020 9:35,63.547179,-161.123543,M,coho,S
6335,8/15/2020 18:04,63.691418,-160.88228,M,coho,S
6335,8/16/2020 5:12,63.691418,-160.88228,M,coho,S
6335,8/14/2020 8:39,63.953142,-160.882113,M,coho,S
6335,8/15/2020 2:10,63.95299,-160.888171,M,coho,S
6335,8/13/2020 19:40,64.131287,-160.957982,M,coho,S
6375,8/15/2020 8:33,64.548801,-160.852381,F,coho,4
6375,8/14/2020 14:48,64.376093,-161.533817,F,coho,4
6375,8/14/2020 20:38,64.548512,-161.386132,F,coho,4
6395,8/15/2020 7:59,64.320926,-161.107788,F,coho,5
6415,8/23/2020 11:48,63.547179,-161.123543,M,coho,S
6415,8/22/2020 22:11,63.691418,-160.88228,M,coho,S
6415,8/22/2020 11:50,63.95299,-160.888171,M,coho,S
6415,8/21/2020 20:13,64.131287,-160.957982,M,coho,S
6415,8/19/2020 21:43,64.371604,-161.541044,M,coho,S
6415,8/20/2020 21:00,64.371604,-161.541044,M,coho,S
6415,8/20/2020 12:48,64.535826,-161.37641,M,coho,S
6475,8/22/2020 5:27,64.368624,-161.112718,F,coho,5
6535,8/21/2020 1:22,64.366297,-161.093039,M,coho,5
6555,8/22/2020 7:15,64.368624,-161.112718,M,coho,5
6575,8/20/2020 17:17,63.555623,-161.051248,F,coho,6
6575,8/19/2020 3:47,63.95299,-160.888171,F,coho,6
6575,8/18/2020 18:14,64.131239,-160.964123,F,coho,6
6595,8/21/2020 20:41,64.368624,-161.112718,F,coho,5
6635,8/20/2020 12:16,63.548007,-161.129208,M,coho,S
6635,8/20/2020 2:08,63.692845,-160.893966,M,coho,S
6655,8/19/2020 12:05,64.318634,-161.122722,M,coho,5
6675,8/18/2020 21:52,64.368624,-161.112718,F,coho,5
6695,8/19/2020 8:09,64.368624,-161.112718,F,coho,5
6715,8/21/2020 15:51,64.366297,-161.093039,F,coho,5
6755,8/20/2020 21:35,63.555623,-161.051248,F,coho,6
6755,8/20/2020 15:06,63.953142,-160.882113,F,coho,6
6755,8/19/2020 10:16,64.131287,-160.957982,F,coho,6
6775,8/20/2020 7:02,64.371604,-161.541044,M,coho,N
6775,8/22/2020 19:35,64.371604,-161.541044,M,coho,N
6815,8/21/2020 17:42,63.555623,-161.051248,M,coho,6
6815,8/20/2020 18:11,63.953142,-160.882113,M,coho,6
6815,8/19/2020 21:03,64.131239,-160.964123,M,coho,6
6875,8/23/2020 23:23,64.368624,-161.112718,M,coho,5
6895,8/23/2020 3:43,64.320926,-161.107788,M,coho,5
6895,8/24/2020 20:00,64.366297,-161.093039,M,coho,5
6935,8/22/2020 10:05,64.366297,-161.093039,F,coho,5
6955,8/23/2020 21:10,63.557764,-161.056892,M,coho,6
6955,8/22/2020 11:24,63.95299,-160.888171,M,coho,6
6955,8/21/2020 17:27,64.131287,-160.957982,M,coho,6
6975,8/24/2020 21:52,64.320926,-161.107788,M,coho,5
6995,8/23/2020 2:46,63.555623,-161.051248,M,coho,6
6995,8/22/2020 16:37,63.95299,-160.888171,M,coho,6
6995,8/22/2020 10:31,64.131287,-160.957982,M,coho,6
7015,8/23/2020 20:43,63.557764,-161.056892,M,coho,6
7015,8/22/2020 17:46,63.95299,-160.888171,M,coho,6
7015,8/23/2020 9:51,63.953142,-160.882113,M,coho,6
7015,8/22/2020 0:28,64.131239,-160.964123,M,coho,6
7035,8/28/2020 23:28,64.320926,-161.107788,M,coho,5
7035,8/21/2020 12:40,64.366297,-161.093039,M,coho,5
7035,8/28/2020 17:10,64.366297,-161.093039,M,coho,5
7055,8/23/2020 12:30,63.550473,-161.146236,M,coho,S
7055,8/23/2020 0:52,63.690645,-160.876555,M,coho,S
7055,8/22/2020 12:25,63.95299,-160.888171,M,coho,S
7055,8/21/2020 21:14,64.131239,-160.964123,M,coho,S
7075,8/24/2020 17:42,64.368624,-161.112718,F,coho,5
7115,8/21/2020 19:40,64.366297,-161.093039,M,coho,5
7135,8/22/2020 15:59,63.555623,-161.051248,M,coho,6
7135,8/22/2020 10:29,63.95299,-160.888171,M,coho,6
7135,8/21/2020 17:11,64.131052,-160.976405,M,coho,6
7155,8/21/2020 23:00,64.368624,-161.112718,M,coho,5
7175,8/22/2020 17:48,64.366297,-161.093039,M,coho,5
7195,8/23/2020 6:26,64.368624,-161.112718,F,coho,5
7215,8/26/2020 22:38,63.555623,-161.051248,M,coho,6
7215,8/26/2020 14:29,63.95299,-160.888171,M,coho,6
7215,8/26/2020 8:33,64.131052,-160.976405,M,coho,6
7235,8/28/2020 23:41,64.042944,-160.888673,M,coho,6
7235,8/25/2020 14:53,64.131287,-160.957982,M,coho,6
7295,8/28/2020 21:48,64.368624,-161.112718,M,coho,5
7355,8/28/2020 20:17,64.366297,-161.093039,F,coho,5
7395,8/26/2020 14:47,63.555623,-161.051248,F,coho,6
7395,8/26/2020 1:45,63.95299,-160.888171,F,coho,6
7395,8/25/2020 17:08,64.131052,-160.976405,F,coho,6
7415,9/3/2020 8:55,64.042944,-160.888673,M,coho,6
7415,8/26/2020 15:27,64.131287,-160.957982,M,coho,6
7475,8/26/2020 19:21,63.555623,-161.051248,F,coho,6
7475,8/26/2020 7:52,63.95299,-160.888171,F,coho,6
7475,8/25/2020 16:25,64.131287,-160.957982,F,coho,6
7615,9/3/2020 10:44,64.368624,-161.112718,F,coho,5
7615,8/29/2020 10:08,64.376093,-161.533817,F,coho,5
7615,8/31/2020 13:25,64.364748,-161.551676,F,coho,5
7615,8/30/2020 18:54,64.540824,-161.380421,F,coho,5
7675,8/27/2020 19:31,64.371604,-161.541044,M,coho,N
7695,8/27/2020 14:17,63.548007,-161.129208,M,coho,S
7695,8/27/2020 0:26,63.691418,-160.88228,M,coho,S
7695,8/26/2020 13:42,63.953142,-160.882113,M,coho,S
7695,8/26/2020 6:36,64.131287,-160.957982,M,coho,S
7815,8/28/2020 9:09,64.366297,-161.093039,F,coho,5
7835,8/26/2020 18:33,63.555623,-161.051248,M,coho,6
7835,8/26/2020 11:13,63.95299,-160.888171,M,coho,6
7835,8/25/2020 21:10,64.131287,-160.957982,M,coho,6
7895,8/27/2020 22:36,63.548826,-161.134898,F,coho,S
7895,8/27/2020 9:30,64.131052,-160.976405,F,coho,S
7935,8/27/2020 22:55,64.366297,-161.093039,F,coho,5
7955,8/28/2020 21:38,63.557764,-161.056892,F,coho,6
7955,8/28/2020 13:21,63.95299,-160.888171,F,coho,6
7955,8/27/2020 18:50,64.131052,-160.976405,F,coho,6
7975,8/27/2020 17:44,64.368624,-161.112718,M,coho,5
2475,8/18/2020 12:00,64.039991,-160.900489,M,coho,6
4695,8/11/2020 12:00,64.039991,-160.900489,M,coho,6
4930,8/25/2021 17:00,64.366297,-161.093039,M,coho,5
6215,8/15/2020 12:00,64.366297,-161.093039,F,coho,5
6535,8/25/2020 23:00,64.366297,-161.093039,M,coho,5
210,8/25/2021 12:00,63.555623,-161.051248,M,coho,6
270,8/25/2021 15:00,63.555623,-161.051248,M,coho,6
310,8/16/2021 12:00,63.555623,-161.051248,M,coho,6
390,8/13/2021 12:00,63.555623,-161.051248,F,coho,6
690,8/23/2021 23:59,63.555623,-161.051248,M,coho,6
715,8/26/2020 21:00,63.555623,-161.051248,M,coho,6
735,8/9/2020 20:00,63.555623,-161.051248,M,coho,6
770,8/21/2021 12:00,63.555623,-161.051248,M,coho,6
935,8/12/2020 12:00,63.555623,-161.051248,M,coho,6
970,8/19/2021 14:00,63.555623,-161.051248,M,coho,6
1030,8/17/2021 22:00,63.555623,-161.051248,M,coho,6
1075,8/8/2020 12:00,63.555623,-161.051248,F,coho,6
1110,8/31/2021 12:00,63.555623,-161.051248,F,coho,6
1130,9/1/2021 20:00,63.555623,-161.051248,M,coho,6
1210,9/8/2021 12:00,63.555623,-161.051248,F,coho,6
1275,8/18/2020 12:00,63.555623,-161.051248,M,coho,6
1450,8/30/2021 12:00,63.555623,-161.051248,F,coho,6
1795,8/15/2020 12:00,63.555623,-161.051248,M,coho,6
1855,8/26/2020 21:00,63.555623,-161.051248,M,coho,6
1970,8/25/2021 13:00,63.555623,-161.051248,F,coho,6
2010,9/5/2021 12:00,63.555623,-161.051248,M,coho,6
2015,8/15/2020 12:00,63.555623,-161.051248,M,coho,6
2030,8/24/2021 23:59,63.555623,-161.051248,F,coho,6
2130,8/29/2021 12:00,63.555623,-161.051248,M,coho,6
2150,8/30/2021 17:00,63.555623,-161.051248,M,coho,6
2155,8/15/2020 12:00,63.555623,-161.051248,M,coho,6
2170,9/1/2021 10:00,63.555623,-161.051248,M,coho,6
2290,8/25/2021 17:00,63.555623,-161.051248,M,coho,6
2315,8/14/2020 12:00,63.555623,-161.051248,F,coho,6
2350,9/3/2021 12:00,63.555623,-161.051248,M,coho,6
2355,8/26/2020 12:00,63.555623,-161.051248,F,coho,6
2815,8/22/2020 20:30,63.555623,-161.051248,F,coho,6
2975,8/26/2020 21:00,63.555623,-161.051248,M,coho,6
3915,8/27/2020 9:00,63.555623,-161.051248,F,coho,6
4255,8/15/2020 12:00,63.555623,-161.051248,M,coho,6
4575,8/16/2020 12:00,63.555623,-161.051248,M,coho,6
4710,8/23/2021 12:00,63.555623,-161.051248,M,coho,6
4835,8/14/2020 12:00,63.555623,-161.051248,M,coho,6
4935,8/15/2020 12:00,63.555623,-161.051248,M,coho,6
5035,8/15/2020 12:00,63.555623,-161.051248,M,coho,6
5070,8/25/2021 17:00,63.555623,-161.051248,M,coho,6
5190,8/25/2021 13:00,63.555623,-161.051248,F,coho,6
5215,8/22/2020 20:30,63.555623,-161.051248,M,coho,6
5255,8/12/2020 19:00,63.555623,-161.051248,M,coho,6
5315,8/13/2020 15:15,63.555623,-161.051248,M,coho,6
5335,8/14/2020 9:00,63.555623,-161.051248,M,coho,6
5410,8/24/2021 23:59,63.555623,-161.051248,M,coho,6
5450,9/3/2021 12:00,63.555623,-161.051248,M,coho,6
5470,8/25/2021 12:00,63.555623,-161.051248,M,coho,6
5510,8/25/2021 12:00,63.555623,-161.051248,F,coho,6
5595,8/15/2020 12:00,63.555623,-161.051248,F,coho,6
5735,8/14/2020 9:00,63.555623,-161.051248,M,coho,6
6175,8/22/2020 17:00,63.555623,-161.051248,M,coho,6
7395,8/28/2020 18:00,63.555623,-161.051248,F,coho,6
535,8/6/2020 13:14,64.01718,-160.91241,M,coho,6
955,8/7/2020 10:31,64.0169,-160.91451,F,coho,6
1215,8/7/2020 13:27,64.0169,-160.91451,F,coho,6
1575,8/10/2020 13:43,64.02448,-160.91692,M,coho,6
1815,8/12/2020 10:54,63.95433,-160.85193,F,coho,6
1915,8/12/2020 11:13,63.95433,-160.85193,M,coho,6
1955,8/12/2020 11:30,63.95433,-160.85193,F,coho,6
2215,8/12/2020 12:10,63.95433,-160.85193,M,coho,6
2335,8/12/2020 12:30,63.95433,-160.85193,F,coho,6
2995,8/18/2020 11:35,63.95477,-160.85222,F,coho,6
3115,8/18/2020 12:02,63.95477,-160.85222,M,coho,6
3715,8/25/2020 15:41,63.95455,-160.85202,M,coho,6
4415,8/7/2020 13:08,64.20131,-160.95188,M,coho,6
4495,8/7/2020 14:25,64.20131,-160.95188,M,coho,6
4675,8/10/2020 12:42,64.132,-160.95424,M,coho,6
4735,8/10/2020 14:03,64.18195,-160.95771,M,coho,6
4775,8/10/2020 14:06,64.18195,-160.95771,M,coho,6
5295,8/11/2020 11:20,64.18224,-160.95687,F,coho,6
5835,8/12/2020 12:43,64.18191,-160.9575,F,coho,4
6135,8/12/2020 15:00,64.18191,-160.9575,F,coho,6
6375,8/13/2020 10:59,64.29974,-161.10029,F,coho,4
7235,8/24/2020 14:54,64.30094,-161.10243,M,coho,6
7415,8/24/2020 18:56,64.31762,-161.13248,M,coho,6
1030,8/17/2021 12:41,63.94366,-160.84396,M,coho,6
7615,8/25/2020 10:44,64.18224,-160.95758,F,coho,5
2350,8/24/2021 12:42,63.91177,-160.81755,M,coho,6
2295,8/12/2020 12:52,63.95433,-160.85193,M,coho,5
5675,8/12/2020 11:10,64.18191,-160.9575,F,coho,S
1695,8/11/2020 14:28,64.0753,-160.9474,M,coho,6
1275,8/7/2020 15:07,64.0169,-160.91451,M,coho,6
895,8/7/2020 10:26,64.0169,-160.91451,F,coho,5
1335,8/7/2020 15:18,64.0169,-160.91451,M,coho,5
7035,8/20/2020 12:26,64.31762,-161.13248,M,coho,5
1175,8/7/2020 12:52,64.0169,-160.91451,M,coho,5
210,8/8/2021 14:06,64.04228,-160.93012,M,coho,6
4955,8/11/2020 9:42,64.18224,-160.95687,M,coho,6
2170,8/24/2021 11:48,63.99048,-160.89789,M,coho,6
5755,8/12/2020 11:57,64.18191,-160.9575,F,coho,5
4255,8/5/2020 13:37,64.27306,-161.04833,M,coho,6
515,8/6/2020 12:57,64.01718,-160.91241,F,coho,6
1195,8/7/2020 12:53,64.0169,-160.91451,M,coho,6
435,8/5/2020 16:27,64.01717,-160.91177,M,coho,5
4995,8/11/2020 9:56,64.18224,-160.95687,M,coho,6
2915,8/18/2020 11:25,63.95477,-160.85222,M,coho,6
6415,8/17/2020 11:37,64.30146,-161.10429,M,coho,S
2355,8/12/2020 12:42,63.95433,-160.85193,F,coho,6
1775,8/12/2020 10:53,63.95433,-160.85193,M,coho,6
4590,8/10/2021 12:14,64.358,-161.20599,M,coho,5
2150,8/24/2021 11:45,63.99048,-160.89789,M,coho,6
4235,8/5/2020 12:37,64.2434,-160.99139,M,coho,S
4850,8/17/2021 13:31,64.31863,-161.13444,F,coho,6
4535,8/10/2020 9:28,64.28699,-161.07575,F,coho,6
2195,8/12/2020 12:07,63.95433,-160.85193,F,coho,N
4155,8/1/2020 12:30,64.27188,-161.04538,F,coho,6
4710,8/10/2021 13:28,64.358,-161.20599,M,coho,6
1655,8/10/2020 14:10,64.02448,-160.91692,M,coho,N
6555,8/17/2020 13:49,64.30146,-161.10429,M,coho,5
1070,8/17/2021 13:09,63.94366,-160.84396,M,coho,6
6475,8/17/2020 12:16,64.30146,-161.10429,F,coho,5
1435,8/7/2020 16:08,64.0169,-160.91451,M,coho,S
5375,8/11/2020 14:05,64.24019,-160.98668,F,coho,5
470,8/9/2021 15:20,63.954632,-160.854024,F,coho,6
4750,8/10/2021 13:40,64.358,-161.20599,M,coho,5
4015,7/31/2020 10:30,64.30035,-161.10313,M,coho,6
270,8/8/2021 15:05,64.04228,-160.93012,M,coho,6
4435,8/7/2020 13:35,64.20131,-160.95188,M,coho,6
4650,8/10/2021 12:56,64.358,-161.20599,M,coho,5
4610,8/10/2021 12:50,64.358,-161.20599,M,coho,5
2130,8/24/2021 11:28,63.99048,-160.89789,M,coho,6
5055,8/11/2020 10:14,64.18224,-160.95687,M,coho,4
5195,8/11/2020 10:58,64.18224,-160.95687,M,coho,6
870,8/17/2021 10:24,63.94366,-160.84396,F,coho,6
6715,8/17/2020 16:15,64.30146,-161.10429,F,coho,5
4515,8/7/2020 15:15,64.20131,-160.95188,M,coho,6
3375,8/24/2020 13:16,63.95417,-160.85283,M,coho,S
4035,7/31/2020 10:30,64.30035,-161.10313,M,coho,6
4335,8/6/2020 9:50,64.30087,-161.10278,F,coho,6
4810,8/17/2021 13:14,64.31863,-161.13444,M,coho,5
6075,8/12/2020 14:19,64.18191,-160.9575,F,coho,5
4935,8/11/2020 9:42,64.18224,-160.95687,M,coho,6
4075,7/31/2020 13:05,64.27227,-161.04572,M,coho,5
1675,8/11/2020 13:28,64.01708,-160.91208,M,coho,5
1010,8/17/2021 12:31,63.94366,-160.84396,M,coho,S
6975,8/20/2020 11:15,64.31762,-161.13248,M,coho,5
4550,8/8/2021 12:56,64.27306,-161.0471,M,coho,6
6895,8/20/2020 10:15,64.31762,-161.13248,M,coho,5
2975,8/18/2020 11:35,63.95477,-160.85222,M,coho,6
710,8/10/2021 14:32,63.91186,-160.81835,M,coho,6
5715,8/12/2020 11:27,64.18191,-160.9575,F,coho,S
1255,8/7/2020 14:41,64.0169,-160.91451,F,coho,6
7295,8/24/2020 16:39,64.27122,-161.04342,M,coho,5
6595,8/17/2020 14:48,64.30146,-161.10429,F,coho,5
6775,8/18/2020 13:43,64.27301,-161.04781,M,coho,N
475,8/6/2020 12:03,64.03183,-160.92131,F,coho,6
7075,8/20/2020 12:49,64.31762,-161.13248,F,coho,5
4595,8/10/2020 11:13,64.28699,-161.07575,M,coho,6
7355,8/24/2020 18:11,64.31762,-161.13248,F,coho,5
835,8/3/2020 14:51,63.95282,-160.85172,M,coho,6
5075,8/11/2020 10:15,64.18224,-160.95687,F,coho,6
4655,8/10/2020 12:33,64.132,-160.95424,M,coho,6
1455,8/10/2020 11:51,64.01728,-160.91138,F,coho,6
5915,8/12/2020 13:35,64.18191,-160.9575,F,coho,6
7055,8/20/2020 12:39,64.31762,-161.13248,M,coho,S
6335,8/13/2020 10:43,64.29974,-161.10029,M,coho,S
6635,8/17/2020 15:08,64.30146,-161.10429,M,coho,S
4475,8/7/2020 14:10,64.20131,-160.95188,M,coho,6
5875,8/12/2020 13:21,64.18191,-160.9575,F,coho,S
6015,8/12/2020 14:18,64.18191,-160.9575,M,coho,5
6275,8/13/2020 9:46,64.29974,-161.10029,M,coho,5
1975,8/12/2020 11:30,63.95433,-160.85193,M,coho,6
1755,8/12/2020 10:53,63.95433,-160.85193,F,coho,6
7815,8/25/2020 13:27,64.24375,-160.9934,F,coho,5
215,8/5/2020 14:47,64.01717,-160.91177,M,coho,6
2175,8/12/2020 12:05,63.95433,-160.85193,M,coho,6
4615,8/10/2020 12:19,64.132,-160.95424,F,coho,6
310,8/8/2021 15:22,64.04228,-160.93012,M,coho,6
4690,8/10/2021 13:11,64.358,-161.20599,F,coho,4
4375,8/7/2020 10:30,64.28751,-161.07744,M,coho,6
6875,8/20/2020 9:33,64.31762,-161.13248,M,coho,5
4835,8/10/2020 14:57,64.18195,-160.95771,M,coho,6
4575,8/10/2020 10:15,64.28699,-161.07575,M,coho,6
4355,8/7/2020 9:30,64.318,-161.13549,M,coho,S
5615,8/12/2020 10:42,64.18191,-160.9575,F,coho,5
590,8/10/2021 10:45,63.95564,-160.85443,M,coho,6
110,8/4/2021 15:15,63.95464,-160.85338,M,coho,6
575,8/6/2020 13:38,64.01718,-160.91241,M,coho,6
5595,8/12/2020 10:32,64.18191,-160.9575,F,coho,6
5355,8/11/2020 13:44,64.24019,-160.98668,F,coho,N
6535,8/17/2020 13:42,64.30146,-161.10429,M,coho,5
815,8/3/2020 14:30,63.95282,-160.85172,F,coho,6
4470,8/8/2021 10:42,64.28828,-161.07637,M,coho,6
6955,8/20/2020 11:00,64.31762,-161.13248,M,coho,6
7015,8/20/2020 12:05,64.31762,-161.13248,M,coho,6
5535,8/12/2020 10:15,64.18191,-160.9575,M,coho,6
1315,8/7/2020 15:14,64.0169,-160.91451,M,coho,6
5035,8/11/2020 10:13,64.18224,-160.95687,M,coho,6
5495,8/12/2020 10:16,64.18191,-160.9575,M,coho,S
5095,8/11/2020 10:25,64.18224,-160.95687,F,coho,S
5655,8/12/2020 10:56,64.18191,-160.9575,F,coho,6
510,8/9/2021 15:56,63.954632,-160.854024,F,coho,6
4270,8/3/2021 12:31,64.18202,-160.95561,F,coho,6
6575,8/17/2020 14:23,64.30146,-161.10429,F,coho,6
6815,8/18/2020 15:03,64.27301,-161.04781,M,coho,6
375,8/5/2020 16:09,64.01717,-160.91177,M,coho,6
5110,8/23/2021 11:55,64.18222,-160.95553,F,coho,S
5270,8/23/2021 13:11,64.18222,-160.95553,F,coho,6
5995,8/12/2020 14:05,64.18191,-160.9575,F,coho,S
2055,8/12/2020 11:52,63.95433,-160.85193,M,coho,S
6935,8/20/2020 11:00,64.31762,-161.13248,F,coho,5
5415,8/11/2020 14:56,64.24019,-160.98668,F,coho,S
490,8/9/2021 15:46,63.954632,-160.854024,M,coho,6
2135,8/12/2020 12:02,63.95433,-160.85193,F,coho,6
1470,8/23/2021 13:53,64.03472,-160.92481,F,coho,6
1055,8/7/2020 11:38,64.0169,-160.91451,F,coho,6
5210,8/23/2021 12:26,64.18222,-160.95553,F,coho,S
4250,8/3/2021 12:27,64.18202,-160.95561,F,coho,6
5070,8/23/2021 11:48,64.18222,-160.95553,M,coho,6
7395,8/24/2020 18:40,64.31762,-161.13248,F,coho,6
4755,8/10/2020 14:04,64.18195,-160.95771,M,coho,6
6395,8/13/2020 11:03,64.29974,-161.10029,F,coho,5
5235,8/11/2020 11:13,64.18224,-160.95687,F,coho,6
6655,8/17/2020 15:20,64.30146,-161.10429,M,coho,5
555,8/6/2020 13:29,64.01718,-160.91241,F,coho,6
5315,8/11/2020 11:39,64.18224,-160.95687,M,coho,6
2615,8/17/2020 14:28,63.95427,-160.8533,F,coho,6
4855,8/10/2020 14:57,64.18195,-160.95771,M,coho,6
6215,8/13/2020 9:32,64.29974,-161.10029,F,coho,5
4930,8/22/2021 17:23,64.32941,-161.15459,M,coho,5
7195,8/20/2020 14:50,64.28782,-161.07748,F,coho,5
6995,8/20/2020 11:36,64.31762,-161.13248,M,coho,6
890,8/17/2021 10:05,63.94366,-160.84396,M,coho,6
5150,8/23/2021 12:13,64.18222,-160.95553,M,coho,N
5335,8/11/2020 11:42,64.18224,-160.95687,M,coho,6
195,8/5/2020 14:38,64.01717,-160.91177,M,coho,6
970,8/17/2021 12:03,63.94366,-160.84396,M,coho,6
2535,8/17/2020 14:13,63.95427,-160.8533,M,coho,S
3795,8/25/2020 15:58,63.95455,-160.85202,F,coho,6
4295,8/6/2020 8:53,64.30087,-161.10278,M,coho,6
4815,8/10/2020 14:56,64.18195,-160.95771,M,coho,6
5475,8/12/2020 9:48,64.18191,-160.9575,F,coho,S
1495,8/10/2020 12:10,64.01728,-160.91138,F,coho,6
1155,8/7/2020 12:52,64.0169,-160.91451,M,coho,6
5575,8/12/2020 10:31,64.18191,-160.9575,M,coho,6
7955,8/26/2020 12:08,64.2718,-161.04591,F,coho,6
770,8/12/2021 10:16,63.91186,-160.81835,M,coho,6
7675,8/25/2020 10:53,64.18224,-160.95758,M,coho,N
4275,8/5/2020 15:00,64.18247,-160.95675,F,coho,6
1735,8/12/2020 10:32,63.95433,-160.85193,F,coho,6
7215,8/24/2020 14:26,64.30094,-161.10243,M,coho,6
6755,8/18/2020 13:41,64.27301,-161.04781,F,coho,6
75,8/4/2020 9:33,63.91225,-160.81984,F,coho,6
1430,8/23/2021 13:26,64.03472,-160.92481,M,coho,N
415,8/5/2020 16:31,64.01717,-160.91177,M,coho,6
4510,8/8/2021 11:09,64.28828,-161.07637,M,coho,5
5175,8/11/2020 10:57,64.18224,-160.95687,M,coho,6
615,8/6/2020 13:44,64.01718,-160.91241,M,coho,6
5515,8/12/2020 10:18,64.18191,-160.9575,F,coho,6
4635,8/10/2020 12:30,64.132,-160.95424,M,coho,5
6315,8/13/2020 10:01,64.29974,-161.10029,F,coho,5
4315,8/6/2020 9:11,64.30087,-161.10278,F,coho,6
7695,8/25/2020 11:15,64.18224,-160.95758,M,coho,S
4630,8/10/2021 12:56,64.358,-161.20599,M,coho,N
7175,8/20/2020 14:50,64.28782,-161.07748,M,coho,5
4190,8/3/2021 11:45,64.18202,-160.95561,F,coho,5
7135,8/20/2020 13:15,64.31762,-161.13248,M,coho,6
4530,8/8/2021 11:31,64.28828,-161.07637,F,coho,5
2555,8/17/2020 14:15,63.95427,-160.8533,F,coho,6
2495,8/17/2020 14:09,63.95427,-160.8533,F,coho,6
1835,8/12/2020 10:57,63.95433,-160.85193,M,coho,S
5190,8/23/2021 12:23,64.18222,-160.95553,F,coho,6
3895,8/25/2020 16:37,63.95455,-160.85202,M,coho,6
6095,8/12/2020 14:33,64.18191,-160.9575,F,coho,6
6695,8/17/2020 15:53,64.30146,-161.10429,F,coho,5
735,8/6/2020 14:45,64.01718,-160.91241,M,coho,6
1855,8/12/2020 10:59,63.95433,-160.85193,M,coho,6
2815,8/17/2020 15:34,63.95427,-160.8533,F,coho,6
4695,8/10/2020 13:43,64.18195,-160.95771,M,coho,6
2475,8/17/2020 14:06,63.95427,-160.8533,M,coho,6
2115,8/12/2020 12:02,63.95433,-160.85193,M,coho,6
995,8/7/2020 11:05,64.0169,-160.91451,M,coho,6
1535,8/10/2020 13:22,64.02448,-160.91692,F,coho,6
690,8/10/2021 14:07,63.91186,-160.81835,M,coho,6
5955,8/12/2020 14:05,64.18191,-160.9575,M,coho,6
3695,8/25/2020 15:03,63.95455,-160.85202,F,coho,6
3995,8/25/2020 16:41,63.95455,-160.85202,M,coho,S
1770,8/23/2021 15:19,64.03437,-160.92361,M,coho,6
670,8/10/2021 13:18,63.95564,-160.85443,F,coho,6
1795,8/12/2020 10:53,63.95433,-160.85193,M,coho,6
2015,8/12/2020 11:36,63.95433,-160.85193,M,coho,6
430,8/9/2021 14:03,64.00259,-160.90355,F,coho,6
5255,8/11/2020 11:15,64.18224,-160.95687,M,coho,6
3855,8/25/2020 15:22,63.95455,-160.85202,M,coho,6
275,8/5/2020 15:28,64.01717,-160.91177,M,coho,6
395,8/5/2020 16:12,64.01717,-160.91177,M,coho,6
1370,8/23/2021 12:53,64.03472,-160.92481,M,coho,6
390,8/9/2021 12:43,64.00259,-160.90355,F,coho,6
1390,8/23/2021 13:18,64.03472,-160.92481,F,coho,6
1510,8/23/2021 14:07,64.03472,-160.92481,F,coho,6
2715,8/17/2020 15:03,63.95427,-160.8533,M,coho,6
1310,8/23/2021 12:25,64.03472,-160.92481,M,coho,6
1515,8/10/2020 13:08,64.01728,-160.91138,F,coho,6
2330,8/24/2021 13:46,63.91177,-160.81755,M,coho,6
3495,8/24/2020 14:45,63.95417,-160.85283,M,coho,6
1095,8/7/2020 12:09,64.0169,-160.91451,M,coho,6
610,8/10/2021 11:12,63.95564,-160.85443,F,coho,6
450,8/9/2021 14:23,64.00259,-160.90355,F,coho,6
1995,8/12/2020 11:33,63.95433,-160.85193,M,coho,6
3535,8/25/2020 13:58,63.95455,-160.85202,F,coho,6
2290,8/24/2021 13:16,63.91177,-160.81755,M,coho,6
2155,8/12/2020 12:03,63.95433,-160.85193,M,coho,6
675,8/6/2020 13:58,64.01718,-160.91241,M,coho,6
3935,8/25/2020 16:37,63.95455,-160.85202,M,coho,6
2575,8/17/2020 14:25,63.95427,-160.8533,F,coho,6
2735,8/17/2020 15:04,63.95427,-160.8533,M,coho,6
1970,8/24/2021 10:43,63.99048,-160.89789,F,coho,6
2395,8/12/2020 12:50,63.95433,-160.85193,M,coho,6
4055,7/31/2020 11:20,64.30035,-161.10313,M,coho,5
1090,8/22/2021 9:37,63.89247,-160.80774,F,coho,6
2315,8/12/2020 12:28,63.95433,-160.85193,F,coho,6
4895,8/11/2020 9:42,64.18224,-160.95687,M,coho,6
5310,8/23/2021 13:29,64.18222,-160.95553,M,coho,6
5510,8/23/2021 14:23,64.18222,-160.95553,F,coho,6
2835,8/18/2020 11:15,63.95477,-160.85222,M,coho,S
5735,8/12/2020 11:27,64.18191,-160.9575,M,coho,6
7895,8/26/2020 10:00,64.20171,-160.95265,F,coho,S
2455,8/17/2020 14:06,63.95427,-160.8533,M,coho,S
1110,8/22/2021 10:00,63.93864,-160.83904,F,coho,6
630,8/10/2021 12:08,63.95564,-160.85443,M,coho,6
7935,8/26/2020 11:51,64.2718,-161.04591,F,coho,5
5215,8/11/2020 11:13,64.18224,-160.95687,M,coho,6
1875,8/12/2020 11:13,63.95433,-160.85193,M,coho,6
5555,8/12/2020 10:30,64.18191,-160.9575,M,coho,6
2895,8/18/2020 11:25,63.95477,-160.85222,M,coho,S
3215,8/24/2020 11:01,63.95417,-160.85283,M,coho,6
1135,8/7/2020 12:41,64.0169,-160.91451,M,coho,6
7475,8/25/2020 10:07,64.18224,-160.95758,F,coho,6
3075,8/18/2020 12:01,63.95477,-160.85222,F,coho,6
1350,8/23/2021 12:45,64.03472,-160.92481,M,coho,6
7155,8/20/2020 14:37,64.28782,-161.07748,M,coho,5
5795,8/12/2020 12:24,64.18191,-160.9575,F,coho,6
715,8/6/2020 14:30,64.01718,-160.91241,M,coho,6
3615,8/25/2020 14:15,63.95455,-160.85202,M,coho,6
1630,8/23/2021 15:18,64.03437,-160.92361,M,coho,6
5815,8/12/2020 12:42,64.18191,-160.9575,M,coho,6
1450,8/23/2021 13:37,64.03472,-160.92481,F,coho,6
1015,8/7/2020 11:12,64.0169,-160.91451,M,coho,6
3175,8/18/2020 12:16,63.95477,-160.85222,M,coho,6
1730,8/23/2021 15:18,64.03437,-160.92361,M,coho,6
2515,8/17/2020 14:11,63.95427,-160.8533,F,coho,6
1235,8/7/2020 14:01,64.0169,-160.91451,M,coho,6
7115,8/20/2020 13:12,64.31762,-161.13248,M,coho,5
3655,8/25/2020 14:46,63.95455,-160.85202,M,coho,6
6675,8/17/2020 15:33,64.30146,-161.10429,F,coho,5
2235,8/12/2020 12:13,63.95433,-160.85193,F,coho,6
3975,8/25/2020 16:39,63.95455,-160.85202,M,coho,6
1615,8/10/2020 14:07,64.02448,-160.91692,M,coho,6
5470,8/23/2021 14:05,64.18222,-160.95553,M,coho,6
4795,8/10/2020 14:56,64.18195,-160.95771,M,coho,6
7975,8/26/2020 12:24,64.2718,-161.04591,M,coho,5
5030,8/23/2021 11:41,64.18222,-160.95553,M,coho,6
2855,8/18/2020 11:15,63.95477,-160.85222,F,coho,6
3475,8/24/2020 14:42,63.95417,-160.85283,M,coho,6
7835,8/25/2020 14:02,64.24375,-160.9934,M,coho,6
6055,8/12/2020 14:18,64.18191,-160.9575,M,coho,6
3515,8/24/2020 15:11,63.95417,-160.85283,M,coho,6
935,8/7/2020 10:28,64.0169,-160.91451,M,coho,6
6115,8/12/2020 14:35,64.18191,-160.9575,F,coho,6
2955,8/18/2020 11:35,63.95477,-160.85222,F,coho,6
4875,8/10/2020 15:27,64.18195,-160.95771,M,coho,6
2375,8/12/2020 12:48,63.95433,-160.85193,F,coho,6
570,8/9/2021 16:29,63.954632,-160.854024,M,coho,6
3915,8/25/2020 15:16,63.95455,-160.85202,F,coho,6
2090,8/24/2021 11:22,63.99048,-160.89789,F,coho,6
1075,8/7/2020 11:52,64.0169,-160.91451,F,coho,6
2795,8/17/2020 15:32,63.95427,-160.8533,F,coho,6
650,8/10/2021 13:08,63.95564,-160.85443,F,coho,6
1870,8/23/2021 16:03,64.03437,-160.92361,M,coho,6
2935,8/18/2020 11:27,63.95477,-160.85222,M,coho,6
3335,8/24/2020 12:23,63.95417,-160.85283,M,coho,6
3595,8/25/2020 14:10,63.95455,-160.85202,M,coho,6
3395,8/24/2020 13:31,63.95417,-160.85283,F,coho,6
1210,8/22/2021 12:32,63.98006,-160.88265,F,coho,6
4555,8/10/2020 10:00,64.28699,-161.07575,M,coho,6
4330,8/3/2021 13:16,64.18202,-160.95561,F,coho,5
4350,8/3/2021 13:28,64.18202,-160.95561,M,coho,N
1375,8/7/2020 15:29,64.0169,-160.91451,M,coho,4
4135,7/31/2020 20:54,64.30087,-161.10278,F,coho,6
2415,8/17/2020 13:43,63.95427,-160.8533,M,coho,5
930,8/17/2021 11:43,63.94366,-160.84396,M,coho,4
5275,8/11/2020 11:18,64.18224,-160.95687,F,coho,5
4175,8/5/2020 10:12,64.20107,-160.95113,M,coho,S
2010,8/24/2021 11:02,63.99048,-160.89789,M,coho,6
2030,8/24/2021 11:15,63.99048,-160.89789,F,coho,6
5410,8/23/2021 13:56,64.18222,-160.95553,M,coho,6
1130,8/22/2021 11:30,63.93864,-160.83904,M,coho,6
5450,8/23/2021 14:02,64.18222,-160.95553,M,coho,6
6175,8/12/2020 15:10,64.18191,-160.9575,M,coho,6
2775,8/17/2020 15:19,63.95427,-160.8533,M,coho,6
1035,8/7/2020 11:17,64.0169,-160.91451,M,coho,6
